host,port,user,password
192.168.1.41,22,superuser,gAAAAABlpzFPTTpmgiigvEy4TtqQSffatiCBYAYRrMNVeob485YgwCrU4-908TLZc44ie_xyWkWWp3ogNDmmA2mYFslbOxRIJg==
192.168.1.42,22,superuser,gAAAAABlpzFo32kDKetUIe9wsOkbfgRV_GUHFW7cnZRzleR6zUEFhIrnHC_BwAJeRhky_64qSLQb6UcZjKhAlck82sSiyKCGZA==
192.168.1.43,22,superuser,gAAAAABlpzFpZRwlEEorjjyysiRKV_Ur4t87iCpzglgZryYVXcPioEKBtoN1DROLS_2TnuHS-vwdnWLmvY-EkGT3gcScQbbv8g==
192.168.1.44,22,superuser,gAAAAABlpzFrIzdyL4xsYjazQ0yLdUXBkFhS_S1l_UFWSDDJMzWdUzSQkuxJTPbeluH12c58I8vyODAyrHb9ccUxGwHmnhIeWg==
192.168.1.45,22,superuser,gAAAAABlpzFsIg3C1p_4yQ70ijU_RXjAqrpyNX0khSXHV4ymldiPRBy7_U8b9Mx2uIMZIliTrA8XbhcrAXaK2KrBjFCd4E-hDA==
192.168.1.46,22,superuser,gAAAAABlpzFuOo15CpwYuBVpOi8myWIjZJR2zPECDgs46H8QnQqq-QKfdIs9gFtkOnTRjBopu9G5L3pWxRt5VkbfNNM9lWEFGg==
192.168.1.47,22,superuser,gAAAAABlpzFwYoZ5wBBNMCy-yso-T847s6N75EOM9BsJGhOwF9SahRfM0HVtQjPmAWA6wW4LvRU-G8M3LIe6oUBjJy03b9XhzQ==
192.168.1.48,22,superuser,gAAAAABlpzFzgveqaqPemj9ECAVyHImqqJVWzGtg3TtRfgmeWSjhFKZQQjtmsjSXpjyHE5QW--6gqE5GP-Qt2aG2fIewc7j8Tw==
192.168.1.49,22,superuser,gAAAAABlpzF0EfTnVR3SdxXXVGpwcWUFMYK11TcseAPAzJXXiBEuqqPKdWdluDg865JkhJyVdegEj9q1rB1ULbf5K9_8Dhdl2A==
192.168.1.50,22,superuser,gAAAAABlpzF4nXiMeYSvzXCi8ey5L8x4WRcNRVHqgezULeEpkidMS-xgCSUV8KjGdEqBKdtFKy811cjEaFtxmgMlJhqeo_wBbw==
